trade_id,strategy_id,timestamp,entry_price,direction,trigger_context_origen,trigger_context_distancia,Recorrido
20240918_154642_722000_C19600,RangoHistorico_V1.6,2024-09-18 15:46:42.722,19600,Corto,19736.5,136.5,"D0,M30,D3,M55,D58,M66,D200"
20240918_165601_396000_L19700,RangoHistorico_V1.6,2024-09-18 16:56:01.396,19700,Largo,19583.5,116.5,"M0,D1,M20,D12,M52,D106,M126,D200"
20240918_180001_016000_L19700,RangoHistorico_V1.6,2024-09-18 18:00:01.016,19700,Largo,19630.0,70.0,"M0,D112,M800,D200"
20240918_180015_341000_L19800,RangoHistorico_V1.6,2024-09-18 18:00:15.341,19800,Largo,19672.25,127.75,"M0,D6,M16,D15,M94,D136,M400,D200"
20240918_180133_717000_L19900,RangoHistorico_V1.6,2024-09-18 18:01:33.717,19900,Largo,19766.0,134.0,"M0,D200"
20240918_180353_383000_C19800,RangoHistorico_V1.6,2024-09-18 18:03:53.383,19800,Corto,19900.0,100.0,"D0,M16,D38,M78,D167,M491,D200"
20240918_181248_068000_C19700,RangoHistorico_V1.6,2024-09-18 18:12:48.068,19700,Corto,19841.75,141.75,"M0,D6,M90,D74,M91,D200"
20240918_181752_929000_L19800,RangoHistorico_V1.6,2024-09-18 18:17:52.929,19800,Largo,19677.25,122.75,"M0,D4,M13,D59,M76,D65,M128,D158,M266,D200"
20240918_184708_168000_L19800,RangoHistorico_V1.6,2024-09-18 18:47:08.168,19800,Largo,19716.75,83.25,"D0,M4,D10,M17,D29,M39,D200"
20240918_190012_617000_C19700,RangoHistorico_V1.6,2024-09-18 19:00:12.617,19700,Corto,19822.5,122.5,"M0,D8,M6,D75,M40,D89,M444,D200"
20240918_190525_417000_C19600,RangoHistorico_V1.6,2024-09-18 19:05:25.417,19600,Corto,19722.25,122.25,"M0,D2,M20,D11,M44,D200"
20240918_191328_569000_L19700,RangoHistorico_V1.6,2024-09-18 19:13:28.569,19700,Largo,19589.0,111.0,"M0,D4,M50,D35,M72,D200"
20240918_192132_912000_C19600,RangoHistorico_V1.6,2024-09-18 19:21:32.912,19600,Corto,19718.0,118.0,"M0,D18,M1,D201"
20240918_192522_601000_L19700,RangoHistorico_V1.6,2024-09-18 19:25:22.601,19700,Largo,19599.75,100.25,"D0,M2,D16,M11,D45,M297,D200"
20240918_193403_574000_C19700,RangoHistorico_V1.6,2024-09-18 19:34:03.574,19700,Corto,19774.25,74.25,"M0,D9,M1,D15,M95,D78,M206,D111,M568,D200"
20240918_194513_383000_C19600,RangoHistorico_V1.6,2024-09-18 19:45:13.383,19600,Corto,19727.75,127.75,"D0,M7,D4,M8,D8,M25,D172,M168,D200"
20240918_235443_488000_L19700,RangoHistorico_V1.6,2024-09-18 23:54:43.488,19700,Largo,19558.0,142.0,"D0,M4,D1,M583,D88,M9810"
20240919_000006_669000_L19800,RangoHistorico_V1.6,2024-09-19 00:00:06.669,19800,Largo,19699.75,100.25,"M0,D59,M68,D77,M183,D200"
20240919_011112_410000_C19700,RangoHistorico_V1.6,2024-09-19 01:11:12.410,19700,Corto,19845.75,145.75,"M0,D2,M4,D4,M11,D21,M88,D200"
20240919_023512_828000_L19800,RangoHistorico_V1.6,2024-09-19 02:35:12.828,19800,Largo,19678.0,122.0,"D0,M1,D7,M24,D28,M9410"
20240919_062502_377000_L19900,RangoHistorico_V1.6,2024-09-19 06:25:02.377,19900,Largo,19793.0,107.0,"M0,D2,M62,D4,M115,D102,M1212,D160,M2552,D200"
20240919_103918_897000_L20000,RangoHistorico_V1.6,2024-09-19 10:39:18.897,20000,Largo,19874.5,125.5,"M0,D2,M14,D88,M292,D144,M812,D200"
20240919_135008_169000_C20000,RangoHistorico_V1.6,2024-09-19 13:50:08.169,20000,Corto,20073.0,73.0,"M0,D2,M2,D4,M144,D200"
20240919_142602_994000_L20100,RangoHistorico_V1.6,2024-09-19 14:26:02.994,20100,Largo,19964.0,136.0,"M0,D4,M3,D11,M5,D19,M16,D20,M234,D200"
20240919_175438_583000_L20200,RangoHistorico_V1.6,2024-09-19 17:54:38.583,20200,Largo,20049.0,151.0,"M0,D1,M4,D4,M12,D200"
20240919_191448_325000_C20100,RangoHistorico_V1.6,2024-09-19 19:14:48.325,20100,Corto,20203.0,103.0,"M0,D2,M3,D21,M10,D86,M104,D147,M960,D200"
20240920_104518_722000_C20000,RangoHistorico_V1.6,2024-09-20 10:45:18.722,20000,Corto,20136.75,136.75,"M0,D1,M12,D10,M76,D200"
20240920_135813_986000_C20000,RangoHistorico_V1.6,2024-09-20 13:58:13.986,20000,Corto,20082.5,82.5,"D0,M19,D52,M66,D104,M560,D200"
20240920_151316_073000_C19900,RangoHistorico_V1.6,2024-09-20 15:13:16.073,19900,Corto,20026.0,126.0,"M0,D1,M8,D4,M160,D200"
20240920_160932_888000_L20000,RangoHistorico_V1.6,2024-09-20 16:09:32.888,20000,Largo,19860.0,140.0,"M0,D1,M14,D82,M145,D200"
20240920_203110_979000_C20000,RangoHistorico_V1.6,2024-09-20 20:31:10.979,20000,Corto,20084.0,84.0,"D0,M18,D200"
20240923_003127_352000_L20100,RangoHistorico_V1.6,2024-09-23 00:31:27.352,20100,Largo,19995.5,104.5,"M0,D1,M16,D2,M43,D6,M256,D200"
20240923_071501_927000_C20000,RangoHistorico_V1.6,2024-09-23 07:15:01.927,20000,Corto,20164.0,164.0,"M0,D3,M8,D24,M179,D200"
20240923_134958_948000_L20100,RangoHistorico_V1.6,2024-09-23 13:49:58.948,20100,Largo,19955.25,144.75,"M0,D9,M20,D200"
20240924_051030_485000_L20100,RangoHistorico_V1.6,2024-09-24 05:10:30.485,20100,Largo,20018.75,81.25,"M0,D2,M1,D8,M8,D61,M317,D200"
20240924_110110_050000_C20100,RangoHistorico_V1.6,2024-09-24 11:01:10.050,20100,Corto,20179.25,79.25,"M0,D8,M20,D19,M197,D200"
20240924_140306_308000_C20000,RangoHistorico_V1.6,2024-09-24 14:03:06.308,20000,Corto,20154.0,154.0,"D0,M10,D32,M60,D191,M188,D200"
20240924_151135_646000_L20100,RangoHistorico_V1.6,2024-09-24 15:11:35.646,20100,Largo,19953.0,147.0,"M0,D2,M37,D31,M459,D143,M1752,D200"
20240924_155416_532000_L20200,RangoHistorico_V1.6,2024-09-24 15:54:16.532,20200,Largo,20092.25,107.75,"M0,D1,M59,D200"
20240925_054612_101000_C20100,RangoHistorico_V1.6,2024-09-25 05:46:12.101,20100,Corto,20214.75,114.75,"M0,D1,M3,D15,M48,D37,M143,D200"
20240925_133603_136000_L20200,RangoHistorico_V1.6,2024-09-25 13:36:03.136,20200,Largo,20064.25,135.75,"M0,D2,M5,D4,M16,D14,M24,D200"
20240925_153002_870000_C20200,RangoHistorico_V1.6,2024-09-25 15:30:02.870,20200,Corto,20271.0,71.0,"M0,D1,M25,D168,M258,D200"
20240926_000933_889000_L20300,RangoHistorico_V1.6,2024-09-26 00:09:33.889,20300,Largo,20135.5,164.5,"M0,D5,M11,D12,M14,D16,M62,D53,M952,D200"
20240926_054242_269000_L20400,RangoHistorico_V1.6,2024-09-26 05:42:42.269,20400,Largo,20286.75,113.25,"M0,D1,M1,D20,M552,D200"
20240926_110000_006000_L20500,RangoHistorico_V1.6,2024-09-26 11:00:00.006,20500,Largo,20395.0,105.0,"M0,D93,M19,D150,M152,D200"
20240926_140505_678000_C20400,RangoHistorico_V1.6,2024-09-26 14:05:05.678,20400,Corto,20538.0,138.0,"M0,D5,M2,D11,M78,D78,M2328,D200"
20240926_144804_824000_C20300,RangoHistorico_V1.6,2024-09-26 14:48:04.824,20300,Corto,20419.5,119.5,"M0,D1,M67,D73,M448,D200"
20240926_150004_834000_C20200,RangoHistorico_V1.6,2024-09-26 15:00:04.834,20200,Corto,20318.25,118.25,"M0,D1,M21,D45,M48,D200"
20240926_155414_851000_L20300,RangoHistorico_V1.6,2024-09-26 15:54:14.851,20300,Largo,20188.0,112.0,"D0,M2,D25,M98,D200"
20240926_171934_429000_C20200,RangoHistorico_V1.6,2024-09-26 17:19:34.429,20200,Corto,20324.5,124.5,"D0,M2,D3,M18,D4,M44,D200"
20240926_181153_247000_L20300,RangoHistorico_V1.6,2024-09-26 18:11:53.247,20300,Largo,20189.0,111.0,"D0,M327,D200"
20240927_014325_877000_C20300,RangoHistorico_V1.6,2024-09-27 01:43:25.877,20300,Corto,20381.75,81.75,"M0,D1,M9,D21,M13,D50,M82,D200"
20240927_141309_522000_C20300,RangoHistorico_V1.6,2024-09-27 14:13:09.522,20300,Corto,20395.75,95.75,"M0,D2,M39,D119,M59,D158,M1928,D200"
20240927_182953_872000_C20200,RangoHistorico_V1.6,2024-09-27 18:29:53.872,20200,Corto,20339.5,139.5,"M0,D3,M5,D24,M108,D200"
20240930_014401_373000_C20200,RangoHistorico_V1.6,2024-09-30 01:44:01.373,20200,Corto,20287.0,87.0,"M0,D5,M26,D8,M186,D107,M216,D189,M322,D200"
20240930_133131_125000_L20200,RangoHistorico_V1.6,2024-09-30 13:31:31.125,20200,Largo,20119.5,80.5,"M0,D2,M6,D7,M250,D200"
20240930_143405_014000_L20200,RangoHistorico_V1.6,2024-09-30 14:34:05.014,20200,Largo,20127.5,72.5,"M0,D1,M31,D34,M40,D149,M218,D200"
20240930_182003_813000_C20100,RangoHistorico_V1.6,2024-09-30 18:20:03.813,20100,Corto,20254.5,154.5,"M0,D1,M5,D2,M11,D4,M17,D5,M22,D67,M176,D200"
20240930_194518_058000_L20200,RangoHistorico_V1.6,2024-09-30 19:45:18.058,20200,Largo,20056.0,144.0,"M0,D1,M23,D48,M527,D200"
20241001_013116_641000_L20300,RangoHistorico_V1.6,2024-10-01 01:31:16.641,20300,Largo,20188.0,112.0,"D0,M3,D7,M9,D12,M11,D30,M127,D200"
20241001_103928_675000_L20300,RangoHistorico_V1.6,2024-10-01 10:39:28.675,20300,Largo,20215.0,85.0,"M0,D2,M4,D8,M20,D16,M99,D200"
20241001_133256_569000_C20200,RangoHistorico_V1.6,2024-10-01 13:32:56.569,20200,Corto,20324.75,124.75,"M0,D1,M4,D2,M5,D6,M38,D93,M1528,D200"
20241001_133802_266000_C20100,RangoHistorico_V1.6,2024-10-01 13:38:02.266,20100,Corto,20223.25,123.25,"M0,D1,M1,D93,M1128,D200"
20241001_135251_004000_C20000,RangoHistorico_V1.6,2024-10-01 13:52:51.004,20000,Corto,20123.25,123.25,"M0,D3,M11,D4,M22,D110,M86,D200"
20241001_140704_328000_C20000,RangoHistorico_V1.6,2024-10-01 14:07:04.328,20000,Corto,20078.25,78.25,"M0,D3,M1,D23,M11,D42,M728,D200"
20241001_142808_396000_C19900,RangoHistorico_V1.6,2024-10-01 14:28:08.396,19900,Corto,20010.5,110.5,"D0,M3,D1,M11,D6,M72,D47,M135,D200"
20241001_153145_729000_L19900,RangoHistorico_V1.6,2024-10-01 15:31:45.729,19900,Largo,19818.0,82.0,"M0,D5,M3,D9,M37,D67,M384,D200"
20241001_163259_602000_C19900,RangoHistorico_V1.6,2024-10-01 16:32:59.602,19900,Corto,19996.0,96.0,"M0,D2,M10,D11,M40,D68,M48,D200"
20241001_175936_213000_L20000,RangoHistorico_V1.6,2024-10-01 17:59:36.213,20000,Largo,19844.5,155.5,"M0,D33,M325,D200"
20241001_193400_839000_C20000,RangoHistorico_V1.6,2024-10-01 19:34:00.839,20000,Corto,20081.25,81.25,"M0,D4,M11,D30,M123,D35,M187,D67,M666,D200"
20241001_232603_386000_C19900,RangoHistorico_V1.6,2024-10-01 23:26:03.386,19900,Corto,20016.75,116.75,"M0,D18,M10,D20,M18,D21,M35,D200"
20241002_052603_855000_C19900,RangoHistorico_V1.6,2024-10-02 05:26:03.855,19900,Corto,19996.0,96.0,"M0,D1,M1,D57,M32,D76,M79,D200"
20241002_095048_907000_C19900,RangoHistorico_V1.6,2024-10-02 09:50:48.907,19900,Corto,19971.5,71.5,"M0,D8,M28,D63,M85,D200"
20241002_124032_010000_L20000,RangoHistorico_V1.6,2024-10-02 12:40:32.010,20000,Largo,19878.75,121.25,"D0,M15,D1,M28,D16,M43,D200"
20241002_133745_084000_C19900,RangoHistorico_V1.6,2024-10-02 13:37:45.084,19900,Corto,20010.75,110.75,"M0,D4,M3,D38,M266,D200"
20241002_141921_592000_L20000,RangoHistorico_V1.6,2024-10-02 14:19:21.592,20000,Largo,19833.5,166.5,"M0,D13,M13,D32,M59,D200"
20241002_165812_184000_C20000,RangoHistorico_V1.6,2024-10-02 16:58:12.184,20000,Corto,20090.25,90.25,"M0,D1,M2,D18,M23,D19,M101,D31,M108,D87,M126,D200"
20241003_001627_138000_C20000,RangoHistorico_V1.6,2024-10-03 00:16:27.138,20000,Corto,20072.5,72.5,"M0,D4,M66,D60,M592,D200"
20241003_071702_543000_C19900,RangoHistorico_V1.6,2024-10-03 07:17:02.543,19900,Corto,20015.0,115.0,"D0,M5,D7,M23,D96,M192,D200"
20241003_132852_673000_C19900,RangoHistorico_V1.6,2024-10-03 13:28:52.673,19900,Corto,19995.0,95.0,"D0,M9,D123,M21,D200"
20241003_134237_368000_L20000,RangoHistorico_V1.6,2024-10-03 13:42:37.368,20000,Largo,19894.75,105.25,"M0,D1,M26,D97,M455,D200"
20241003_140505_322000_L20100,RangoHistorico_V1.6,2024-10-03 14:05:05.322,20100,Largo,19975.75,124.25,"M0,D8,M1,D9,M4,D14,M14,D43,M55,D200"
20241003_141406_197000_C20000,RangoHistorico_V1.6,2024-10-03 14:14:06.197,20000,Corto,20113.75,113.75,"D0,M6,D10,M73,D200"
20241003_142141_516000_C20000,RangoHistorico_V1.6,2024-10-03 14:21:41.516,20000,Corto,20073.25,73.25,"M0,D1,M1,D3,M10,D67,M272,D113,M350,D200"
20241003_144739_649000_L20000,RangoHistorico_V1.6,2024-10-03 14:47:39.649,20000,Largo,19912.5,87.5,"D0,M29,D2,M32,D131,M127,D200"
20241003_152302_409000_L20000,RangoHistorico_V1.6,2024-10-03 15:23:02.409,20000,Largo,19926.5,73.5,"D0,M1,D1,M4,D3,M9,D6,M26,D21,M51,D138,M238,D200"
20241003_170050_913000_C19900,RangoHistorico_V1.6,2024-10-03 17:00:50.913,19900,Corto,20059.5,159.5,"M0,D1,M10,D6,M12,D8,M84,D200"
20241003_195902_664000_L20000,RangoHistorico_V1.6,2024-10-03 19:59:02.664,20000,Largo,19879.0,121.0,"M0,D1,M10,D3,M27,D87,M70,D200"
20241004_123000_958000_L20100,RangoHistorico_V1.6,2024-10-04 12:30:00.958,20100,Largo,19941.5,158.5,"M0,D61,M248,D144,M655,D200"
20241004_124604_751000_L20200,RangoHistorico_V1.6,2024-10-04 12:46:04.751,20200,Largo,20064.0,136.0,"M0,D2,M26,D41,M255,D200"
20241004_135654_321000_C20100,RangoHistorico_V1.6,2024-10-04 13:56:54.321,20100,Corto,20263.75,163.75,"M0,D2,M11,D31,M64,D47,M127,D77,M347,D200"
20241004_141712_690000_L20100,RangoHistorico_V1.6,2024-10-04 14:17:12.690,20100,Largo,20013.25,86.75,"M0,D10,M84,D200"
20241004_144504_032000_L20100,RangoHistorico_V1.6,2024-10-04 14:45:04.032,20100,Largo,20018.75,81.25,"D0,M2,D26,M8,D145,M242,D200"
20241004_173742_980000_C20100,RangoHistorico_V1.6,2024-10-04 17:37:42.980,20100,Corto,20182.25,82.25,"M0,D12,M65,D200"
20241004_181335_208000_C20100,RangoHistorico_V1.6,2024-10-04 18:13:35.208,20100,Corto,20171.0,71.0,"M0,D8,M14,D10,M15,D68,M26,D200"
20241004_192908_885000_L20200,RangoHistorico_V1.6,2024-10-04 19:29:08.885,20200,Largo,20093.5,106.5,"M0,D2,M2,D5,M19,D38,M269,D200"
20241007_090243_291000_C20100,RangoHistorico_V1.6,2024-10-07 09:02:43.291,20100,Corto,20267.25,167.25,"M0,D1,M6,D5,M168,D200"
20241007_180706_667000_C20100,RangoHistorico_V1.6,2024-10-07 18:07:06.667,20100,Corto,20187.25,87.25,"D0,M6,D4,M16,D102,M790,D200"
20241007_184703_568000_C20000,RangoHistorico_V1.6,2024-10-07 18:47:03.568,20000,Corto,20125.5,125.5,"M0,D3,M33,D40,M71,D57,M163,D86,M208,D136,M390,D200"
20241007_223635_114000_L20000,RangoHistorico_V1.6,2024-10-07 22:36:35.114,20000,Largo,19902.5,97.5,"M0,D4,M5,D200"
20241008_113632_101000_L20100,RangoHistorico_V1.6,2024-10-08 11:36:32.101,20100,Largo,19938.0,162.0,"M0,D1,M4,D77,M16,D175,M2754,D200"
20241008_140201_451000_L20200,RangoHistorico_V1.6,2024-10-08 14:02:01.451,20200,Largo,20056.25,143.75,"D0,M3,D15,M10,D179,M1920,D200"
20241008_160853_678000_C20200,RangoHistorico_V1.6,2024-10-08 16:08:53.678,20200,Corto,20273.75,73.75,"M0,D194,M141,D200"
20241008_193432_933000_L20300,RangoHistorico_V1.6,2024-10-08 19:34:32.933,20300,Largo,20164.75,135.25,"M0,D1,M118,D200"
20241009_072155_001000_C20200,RangoHistorico_V1.6,2024-10-09 07:21:55.001,20200,Corto,20329.5,129.5,"M0,D1,M7,D5,M16,D200"
20241009_131720_192000_L20300,RangoHistorico_V1.6,2024-10-09 13:17:20.192,20300,Largo,20196.0,104.0,"D0,M3,D200"
20241009_152143_233000_L20400,RangoHistorico_V1.6,2024-10-09 15:21:43.233,20400,Largo,20238.5,161.5,"M0,D83,M193,D180,M331,D200"
20241010_123001_216000_C20400,RangoHistorico_V1.6,2024-10-10 12:30:01.216,20400,Corto,20482.75,82.75,"M0,D39,M168,D112,M394,D200"
20241010_140601_295000_L20400,RangoHistorico_V1.6,2024-10-10 14:06:01.295,20400,Largo,20301.5,98.5,"M0,D175,M433,D200"
20241010_161158_901000_L20500,RangoHistorico_V1.6,2024-10-10 16:11:58.901,20500,Largo,20356.25,143.75,"M0,D2,M2,D4,M4,D59,M33,D200"
20241010_175149_205000_C20400,RangoHistorico_V1.6,2024-10-10 17:51:49.205,20400,Corto,20508.25,108.25,"D0,M6,D23,M86,D194,M110,D200"
20241011_140727_563000_L20400,RangoHistorico_V1.6,2024-10-11 14:07:27.563,20400,Largo,20314.75,85.25,"M0,D1,M24,D2,M32,D23,M325,D36,M377,D67,M1120,D200"
20241011_145118_201000_C20400,RangoHistorico_V1.6,2024-10-11 14:51:18.201,20400,Corto,20481.25,81.25,"D0,M3,D2,M11,D14,M12,D19,M36,D200"
20241014_013045_100000_C20400,RangoHistorico_V1.6,2024-10-14 01:30:45.100,20400,Corto,20494.25,94.25,"M0,D2,M6,D77,M67,D200"
20241014_100040_036000_L20500,RangoHistorico_V1.6,2024-10-14 10:00:40.036,20500,Largo,20383.25,116.75,"M0,D1,M1,D28,M720,D200"
20241014_133542_476000_L20600,RangoHistorico_V1.6,2024-10-14 13:35:42.476,20600,Largo,20493.0,107.0,"D0,M1,D62,M8,D82,M320,D200"
20241014_141713_644000_C20600,RangoHistorico_V1.6,2024-10-14 14:17:13.644,20600,Corto,20680.0,80.0,"M0,D1,M31,D197,M300,D200"
20241014_160459_914000_L20600,RangoHistorico_V1.6,2024-10-14 16:04:59.914,20600,Largo,20525.0,75.0,"M0,D88,M267,D200"
20241015_143004_654000_C20500,RangoHistorico_V1.6,2024-10-15 14:30:04.654,20500,Corto,20666.75,166.75,"D0,M3,D55,M1175,D200"
20241015_143615_147000_C20400,RangoHistorico_V1.6,2024-10-15 14:36:15.147,20400,Corto,20513.75,113.75,"M0,D1,M9,D18,M42,D39,M275,D198,M775,D200"
20241015_190454_082000_C20300,RangoHistorico_V1.6,2024-10-15 19:04:54.082,20300,Corto,20449.5,149.5,"D0,M4,D8,M5,D17,M15,D18,M131,D80,M184,D200"
20241016_133501_164000_C20300,RangoHistorico_V1.6,2024-10-16 13:35:01.164,20300,Corto,20398.5,98.5,"M0,D1,M7,D9,M32,D37,M375,D200"
20241016_141300_225000_L20300,RangoHistorico_V1.6,2024-10-16 14:13:00.225,20300,Largo,20206.25,93.75,"M0,D1,M3,D20,M34,D71,M197,D200"
20241017_001000_531000_C20300,RangoHistorico_V1.6,2024-10-17 00:10:00.531,20300,Corto,20379.25,79.25,"M0,D1,M19,D10,M93,D200"
20241017_062006_222000_L20400,RangoHistorico_V1.6,2024-10-17 06:20:06.222,20400,Largo,20276.75,123.25,"M0,D15,M14,D18,M80,D38,M779,D200"
20241017_090601_509000_L20500,RangoHistorico_V1.6,2024-10-17 09:06:01.509,20500,Largo,20390.5,109.5,"M0,D2,M4,D3,M28,D135,M379,D200"
20241017_133404_532000_C20500,RangoHistorico_V1.6,2024-10-17 13:34:04.532,20500,Corto,20594.75,94.75,"M0,D3,M389,D19,M534,D115,M717,D200"
20241017_135302_752000_L20500,RangoHistorico_V1.6,2024-10-17 13:53:02.752,20500,Largo,20402.75,97.25,"M0,D7,M19,D200"
20241017_140156_539000_C20400,RangoHistorico_V1.6,2024-10-17 14:01:56.539,20400,Corto,20504.75,104.75,"M0,D7,M4,D9,M115,D51,M134,D200"
20241017_155834_202000_L20500,RangoHistorico_V1.6,2024-10-17 15:58:34.202,20500,Largo,20366.5,133.5,"M0,D1,M6,D10,M115,D200"
20241017_181200_150000_C20400,RangoHistorico_V1.6,2024-10-17 18:12:00.150,20400,Corto,20528.75,128.75,"M0,D1,M4,D4,M15,D108,M137,D144,M317,D200"
20241018_055346_885000_L20400,RangoHistorico_V1.6,2024-10-18 05:53:46.885,20400,Largo,20320.75,79.25,"M0,D12,M519,D200"
20241018_131516_387000_L20500,RangoHistorico_V1.6,2024-10-18 13:15:16.387,20500,Largo,20397.0,103.0,"M0,D5,M34,D200"
20241021_093203_194000_C20400,RangoHistorico_V1.6,2024-10-21 09:32:03.194,20400,Corto,20529.75,129.75,"M0,D1,M22,D145,M225,D200"
20241021_135328_154000_L20500,RangoHistorico_V1.6,2024-10-21 13:53:28.154,20500,Largo,20343.75,156.25,"M0,D2,M5,D17,M7,D22,M10,D79,M218,D200"
20241021_144559_326000_C20400,RangoHistorico_V1.6,2024-10-21 14:45:59.326,20400,Corto,20554.5,154.5,"M0,D4,M72,D167,M220,D200"
20241021_195435_040000_L20500,RangoHistorico_V1.6,2024-10-21 19:54:35.040,20500,Largo,20345.0,155.0,"M0,D11,M189,D200"
20241022_092312_038000_C20400,RangoHistorico_V1.6,2024-10-22 09:23:12.038,20400,Corto,20547.25,147.25,"M0,D1,M3,D4,M62,D43,M97,D180,M159,D200"
20241022_140622_187000_L20500,RangoHistorico_V1.6,2024-10-22 14:06:22.187,20500,Largo,20360.25,139.75,"M0,D5,M10,D7,M72,D17,M80,D200"
20241022_165753_464000_L20500,RangoHistorico_V1.6,2024-10-22 16:57:53.464,20500,Largo,20425.25,74.75,"D0,M2,D8,M20,D79,M409,D200"
20241022_180344_080000_L20600,RangoHistorico_V1.6,2024-10-22 18:03:44.080,20600,Largo,20480.25,119.75,"D0,M9,D200"
20241022_221751_553000_C20500,RangoHistorico_V1.6,2024-10-22 22:17:51.553,20500,Corto,20602.25,102.25,"D0,M4,D8,M38,D170,M1684,D200"
20241023_140129_043000_C20400,RangoHistorico_V1.6,2024-10-23 14:01:29.043,20400,Corto,20542.5,142.5,"M0,D71,M216,D200"
20241023_160332_759000_C20300,RangoHistorico_V1.6,2024-10-23 16:03:32.759,20300,Corto,20457.75,157.75,"M0,D1,M18,D20,M34,D60,M884,D200"
20241023_171236_739000_C20200,RangoHistorico_V1.6,2024-10-23 17:12:36.739,20200,Corto,20315.0,115.0,"M0,D2,M484,D200"
20241023_180623_795000_C20100,RangoHistorico_V1.6,2024-10-23 18:06:23.795,20100,Corto,20200.25,100.25,"M0,D2,M2,D3,M4,D15,M13,D36,M25,D81,M84,D200"
20241023_192757_423000_L20200,RangoHistorico_V1.6,2024-10-23 19:27:57.423,20200,Largo,20079.0,121.0,"M0,D125,M2354,D200"
20241024_003230_374000_L20300,RangoHistorico_V1.6,2024-10-24 00:32:30.374,20300,Largo,20168.75,131.25,"M0,D4,M514,D153,M1954,D200"
20241024_082304_336000_L20400,RangoHistorico_V1.6,2024-10-24 08:23:04.336,20400,Largo,20299.0,101.0,"M0,D3,M7,D190,M114,D200"
20241024_134851_910000_C20300,RangoHistorico_V1.6,2024-10-24 13:48:51.910,20300,Corto,20428.5,128.5,"M0,D1,M1,D8,M2,D9,M4,D22,M15,D200"
20241024_154746_569000_C20300,RangoHistorico_V1.6,2024-10-24 15:47:46.569,20300,Corto,20378.5,78.5,"M0,D1,M144,D158,M153,D200"
20241024_193146_034000_L20400,RangoHistorico_V1.6,2024-10-24 19:31:46.034,20400,Largo,20261.75,138.25,"M0,D5,M34,D106,M54,D144,M1554,D200"
20241025_131347_992000_L20500,RangoHistorico_V1.6,2024-10-25 13:13:47.992,20500,Largo,20364.0,136.0,"M0,D3,M1,D5,M48,D39,M829,D200"
20241025_134609_248000_L20600,RangoHistorico_V1.6,2024-10-25 13:46:09.248,20600,Largo,20490.25,109.75,"M0,D2,M429,D200"
20241025_142229_883000_L20700,RangoHistorico_V1.6,2024-10-25 14:22:29.883,20700,Largo,20600.0,100.0,"M0,D4,M22,D22,M29,D200"
20241025_171705_434000_C20600,RangoHistorico_V1.6,2024-10-25 17:17:05.434,20600,Corto,20707.25,107.25,"M0,D1,M5,D15,M24,D34,M560,D200"
20241025_174401_039000_C20500,RangoHistorico_V1.6,2024-10-25 17:44:01.039,20500,Corto,20608.5,108.5,"M0,D3,M19,D4,M66,D200"
20241027_220636_378000_L20600,RangoHistorico_V1.6,2024-10-27 22:06:36.378,20600,Largo,20460.0,140.0,"M0,D36,M89,D55,M306,D200"
20241028_120434_274000_C20600,RangoHistorico_V1.6,2024-10-28 12:04:34.274,20600,Corto,20676.5,76.5,"D0,M4,D7,M77,D200"
20241028_142702_557000_L20600,RangoHistorico_V1.6,2024-10-28 14:27:02.557,20600,Largo,20528.5,71.5,"M0,D2,M1,D10,M29,D37,M44,D143,M72,D200"
20241028_195503_029000_C20500,RangoHistorico_V1.6,2024-10-28 19:55:03.029,20500,Corto,20618.0,118.0,"D0,M3,D5,M11,D10,M56,D102,M196,D200"
20241029_142602_322000_L20600,RangoHistorico_V1.6,2024-10-29 14:26:02.322,20600,Largo,20432.25,167.75,"D0,M3,D14,M12,D200"
20241029_145805_172000_L20600,RangoHistorico_V1.6,2024-10-29 14:58:05.172,20600,Largo,20527.0,73.0,"D0,M1,D2,M2,D12,M16,D32,M27,D116,M754,D200"
20241029_183201_930000_L20700,RangoHistorico_V1.6,2024-10-29 18:32:01.930,20700,Largo,20571.0,129.0,"M0,D2,M14,D20,M15,D23,M58,D33,M186,D73,M354,D200"
20241030_122231_916000_C20700,RangoHistorico_V1.6,2024-10-30 12:22:31.916,20700,Corto,20788.5,88.5,"M0,D53,M19,D82,M2766,D200"
20241030_134008_318000_C20600,RangoHistorico_V1.6,2024-10-30 13:40:08.318,20600,Corto,20720.5,120.5,"M0,D8,M24,D16,M229,D200"
20241030_173425_915000_C20600,RangoHistorico_V1.6,2024-10-30 17:34:25.915,20600,Corto,20699.5,99.5,"M0,D41,M168,D89,M2366,D200"
20241030_200047_147000_C20500,RangoHistorico_V1.6,2024-10-30 20:00:47.147,20500,Corto,20622.25,122.25,"M0,D6,M104,D200"
20241030_200535_976000_C20500,RangoHistorico_V1.6,2024-10-30 20:05:35.976,20500,Corto,20588.75,88.75,"D0,M11,D13,M16,D37,M63,D200"
20241030_201157_978000_C20500,RangoHistorico_V1.6,2024-10-30 20:11:57.978,20500,Corto,20572.5,72.5,"M0,D13,M2,D21,M110,D200"
20241031_051259_833000_C20400,RangoHistorico_V1.6,2024-10-31 05:12:59.833,20400,Corto,20556.0,156.0,"M0,D1,M14,D2,M64,D16,M452,D68,M1566,D200"
20241031_080310_076000_C20300,RangoHistorico_V1.6,2024-10-31 08:03:10.076,20300,Corto,20404.0,104.0,"D0,M8,D2,M21,D100,M52,D200"
20241031_122312_917000_L20400,RangoHistorico_V1.6,2024-10-31 12:23:12.917,20400,Largo,20287.0,113.0,"M0,D1,M4,D2,M6,D8,M53,D97,M68,D200"
20241031_133147_358000_C20300,RangoHistorico_V1.6,2024-10-31 13:31:47.358,20300,Corto,20417.0,117.0,"M0,D3,M3,D6,M5,D19,M10,D47,M1166,D200"
20241031_134907_247000_C20200,RangoHistorico_V1.6,2024-10-31 13:49:07.247,20200,Corto,20311.75,111.75,"M0,D2,M190,D3,M324,D5,M766,D200"
20241031_141924_283000_L20200,RangoHistorico_V1.6,2024-10-31 14:19:24.283,20200,Largo,20119.0,81.0,"M0,D2,M5,D200"
20241031_144746_726000_C20100,RangoHistorico_V1.6,2024-10-31 14:47:46.726,20100,Corto,20201.25,101.25,"M0,D3,M20,D9,M40,D15,M189,D71,M363,D128,M366,D200"
20241031_162204_953000_L20100,RangoHistorico_V1.6,2024-10-31 16:22:04.953,20100,Largo,20023.25,76.75,"M0,D4,M10,D19,M23,D157,M60,D200"
20241031_192122_167000_L20100,RangoHistorico_V1.6,2024-10-31 19:21:22.167,20100,Largo,20009.25,90.75,"M0,D62,M5,D167,M128,D200"
20241031_202901_330000_L20100,RangoHistorico_V1.6,2024-10-31 20:29:01.330,20100,Largo,20008.5,91.5,"M0,D200"
20241031_203113_173000_L20100,RangoHistorico_V1.6,2024-10-31 20:31:13.173,20100,Largo,20013.5,86.5,"D0,M1,D7,M2,D200"
20241031_223439_192000_L20100,RangoHistorico_V1.6,2024-10-31 22:34:39.192,20100,Largo,20015.0,85.0,"M0,D6,M50,D200"
20241101_032017_061000_L20100,RangoHistorico_V1.6,2024-11-01 03:20:17.061,20100,Largo,20017.0,83.0,"M0,D3,M4,D7,M7,D106,M108,D179,M752,D200"
20241101_141152_676000_L20200,RangoHistorico_V1.6,2024-11-01 14:11:52.676,20200,Largo,20055.25,144.75,"M0,D12,M2,D13,M7,D16,M308,D177,M352,D200"
20241101_144306_248000_C20200,RangoHistorico_V1.6,2024-11-01 14:43:06.248,20200,Corto,20277.0,77.0,"M0,D4,M20,D6,M83,D24,M177,D200"
20241101_164334_522000_C20200,RangoHistorico_V1.6,2024-11-01 16:43:34.522,20200,Corto,20288.0,88.0,"M0,D4,M5,D35,M35,D99,M124,D200"
20241101_191038_505000_L20200,RangoHistorico_V1.6,2024-11-01 19:10:38.505,20200,Largo,20127.75,72.25,"M0,D10,M2,D64,M9,D200"
20241103_230018_204000_C20100,RangoHistorico_V1.6,2024-11-03 23:00:18.204,20100,Corto,20202.25,102.25,"M0,D12,M5,D77,M118,D200"
20241104_015700_269000_L20200,RangoHistorico_V1.6,2024-11-04 01:57:00.269,20200,Largo,20070.5,129.5,"M0,D41,M4,D65,M194,D200"
20241104_142504_470000_C20100,RangoHistorico_V1.6,2024-11-04 14:25:04.470,20100,Corto,20248.5,148.5,"M0,D4,M52,D165,M348,D200"
20241104_144357_680000_L20100,RangoHistorico_V1.6,2024-11-04 14:43:57.680,20100,Largo,20013.0,87.0,"M0,D4,M10,D8,M144,D27,M507,D200"
20241104_152448_459000_L20200,RangoHistorico_V1.6,2024-11-04 15:24:48.459,20200,Largo,20093.25,106.75,"M0,D1,M1,D4,M17,D156,M107,D200"
20241104_164357_482000_C20100,RangoHistorico_V1.6,2024-11-04 16:43:57.482,20100,Corto,20226.75,126.75,"D0,M18,D40,M285,D200"
20241104_172427_869000_L20100,RangoHistorico_V1.6,2024-11-04 17:24:27.869,20100,Largo,20028.75,71.25,"M0,D1,M1,D6,M11,D18,M187,D63,M303,D200"
20241104_203258_490000_C20100,RangoHistorico_V1.6,2024-11-04 20:32:58.490,20100,Corto,20175.75,75.75,"M0,D5,M12,D20,M120,D128,M233,D200"
20241105_143125_225000_L20200,RangoHistorico_V1.6,2024-11-05 14:31:25.225,20200,Largo,20041.75,158.25,"D0,M2,D2,M5,D3,M14,D4,M28,D6,M44,D90,M7810"
20241105_150001_597000_L20300,RangoHistorico_V1.6,2024-11-05 15:00:01.597,20300,Largo,20177.5,122.5,"M0,D10,M85,D200"
20241105_183733_082000_C20300,RangoHistorico_V1.6,2024-11-05 18:37:33.082,20300,Corto,20372.75,72.75,"M0,D1,M8,D2,M54,D140,M78,D200"
20241106_003410_277000_L20400,RangoHistorico_V1.6,2024-11-06 00:34:10.277,20400,Largo,20280.5,119.5,"M0,D35,M54,D132,M7010"
20241106_023618_275000_L20500,RangoHistorico_V1.6,2024-11-06 02:36:18.275,20500,Largo,20367.0,133.0,"M0,D7,M562,D169,M3363,D200"
20241106_030037_905000_L20600,RangoHistorico_V1.6,2024-11-06 03:00:37.905,20600,Largo,20500.0,100.0,"M0,D3,M6,D4,M162,D200"
20241106_051046_156000_C20500,RangoHistorico_V1.6,2024-11-06 05:10:46.156,20500,Corto,20640.5,140.5,"D0,M25,D12,M169,D200"
20241106_055924_041000_L20600,RangoHistorico_V1.6,2024-11-06 05:59:24.041,20600,Largo,20457.75,142.25,"D0,M6,D105,M2963,D200"
20241106_070800_076000_L20700,RangoHistorico_V1.6,2024-11-06 07:08:00.076,20700,Largo,20573.75,126.25,"M0,D7,M9,D14,M38,D29,M45,D198,M125,D200"
20241106_115328_499000_C20600,RangoHistorico_V1.6,2024-11-06 11:53:28.499,20600,Corto,20731.25,131.25,"M0,D9,M80,D200"
20241106_124742_603000_L20700,RangoHistorico_V1.6,2024-11-06 12:47:42.603,20700,Largo,20580.0,120.0,"M0,D5,M2,D6,M37,D159,M74,D191,M421,D200"
20241106_144012_958000_L20800,RangoHistorico_V1.6,2024-11-06 14:40:12.958,20800,Largo,20652.25,147.75,"M0,D2,M21,D200"
20241106_144702_736000_C20700,RangoHistorico_V1.6,2024-11-06 14:47:02.736,20700,Corto,20805.25,105.25,"M0,D3,M13,D8,M48,D46,M224,D200"
20241106_152836_001000_L20800,RangoHistorico_V1.6,2024-11-06 15:28:36.001,20800,Largo,20644.0,156.0,"M0,D1,M12,D46,M88,D200"
20241106_160202_325000_C20700,RangoHistorico_V1.6,2024-11-06 16:02:02.325,20700,Corto,20822.0,122.0,"M0,D4,M32,D200"
20241106_163910_521000_L20800,RangoHistorico_V1.6,2024-11-06 16:39:10.521,20800,Largo,20692.0,108.0,"M0,D3,M23,D108,M2163,D200"
20241106_200611_222000_L20900,RangoHistorico_V1.6,2024-11-06 20:06:11.222,20900,Largo,20773.0,127.0,"M0,D1,M6,D14,M72,D67,M124,D88,M141,D154,M1763,D200"
20241107_140325_004000_L21000,RangoHistorico_V1.6,2024-11-07 14:03:25.004,21000,Largo,20861.5,138.5,"M0,D2,M14,D31,M1363,D200"
20241107_145718_371000_L21100,RangoHistorico_V1.6,2024-11-07 14:57:18.371,21100,Largo,20992.25,107.75,"M0,D2,M2,D4,M5,D6,M14,D19,M51,D31,M117,D54,M963,D200"
20241107_190023_880000_L21200,RangoHistorico_V1.6,2024-11-07 19:00:23.880,21200,Largo,21086.5,113.5,"M0,D3,M24,D4,M25,D140,M66,D163,M253,D200"
20241108_143014_128000_L21200,RangoHistorico_V1.6,2024-11-08 14:30:14.128,21200,Largo,21121.75,78.25,"M0,D4,M67,D12,M129,D155,M563,D200"
20241110_230000_122000_L21300,RangoHistorico_V1.6,2024-11-10 23:00:00.122,21300,Largo,21161.25,138.75,"M0,D141,M80,D168,M163,D200"
20241111_144511_199000_C21200,RangoHistorico_V1.6,2024-11-11 14:45:11.199,21200,Corto,21340.75,140.75,"M0,D1,M1,D2,M12,D22,M37,D73,M179,D177,M407,D200"
20241111_182203_380000_C21100,RangoHistorico_V1.6,2024-11-11 18:22:03.380,21100,Corto,21244.25,144.25,"M0,D2,M7,D200"
20241111_201034_292000_L21200,RangoHistorico_V1.6,2024-11-11 20:10:34.292,21200,Largo,21098.25,101.75,"M0,D67,M198,D200"
20241112_120520_238000_L21200,RangoHistorico_V1.6,2024-11-12 12:05:20.238,21200,Largo,21128.5,71.5,"D0,M11,D5,M30,D87,M207,D200"
20241112_175643_780000_C21100,RangoHistorico_V1.6,2024-11-12 17:56:43.780,21100,Corto,21251.75,151.75,"M0,D4,M181,D200"
20241112_192412_651000_L21200,RangoHistorico_V1.6,2024-11-12 19:24:12.651,21200,Largo,21054.75,145.25,"M0,D8,M28,D60,M42,D200"
20241113_133027_988000_L21200,RangoHistorico_V1.6,2024-11-13 13:30:27.988,21200,Largo,21101.25,98.75,"M0,D10,M12,D17,M92,D52,M174,D200"
20241113_150516_179000_C21100,RangoHistorico_V1.6,2024-11-13 15:05:16.179,21100,Corto,21243.5,143.5,"M0,D2,M2,D7,M26,D49,M174,D200"
20241113_171527_282000_L21200,RangoHistorico_V1.6,2024-11-13 17:15:27.282,21200,Largo,21056.5,143.5,"M0,D4,M57,D119,M274,D200"
20241114_065901_944000_C21100,RangoHistorico_V1.6,2024-11-14 06:59:01.944,21100,Corto,21268.5,168.5,"M0,D1,M1,D10,M7,D12,M39,D200"
20241114_144154_471000_C21100,RangoHistorico_V1.6,2024-11-14 14:41:54.471,21100,Corto,21190.25,90.25,"M0,D8,M14,D72,M144,D87,M238,D161,M2870,D200"
20241114_180716_201000_L21100,RangoHistorico_V1.6,2024-11-14 18:07:16.201,21100,Largo,21016.75,83.25,"D0,M6,D40,M83,D200"
20241114_200652_901000_C21000,RangoHistorico_V1.6,2024-11-14 20:06:52.901,21000,Corto,21120.75,120.75,"M0,D1,M12,D4,M32,D24,M50,D169,M2470,D200"
20241115_011154_328000_C20900,RangoHistorico_V1.6,2024-11-15 01:11:54.328,20900,Corto,21042.25,142.25,"M0,D2,M48,D40,M63,D116,M2070,D200"
20241115_082534_000000_C20800,RangoHistorico_V1.6,2024-11-15 08:25:34.000,20800,Corto,20929.0,129.0,"M0,D3,M4,D22,M6,D37,M23,D200"
20241115_143728_917000_C20700,RangoHistorico_V1.6,2024-11-15 14:37:28.917,20700,Corto,20867.0,167.0,"M0,D1,M1,D26,M16,D120,M52,D183,M1270,D200"
20241115_152214_528000_C20600,RangoHistorico_V1.6,2024-11-15 15:22:14.528,20600,Corto,20745.75,145.75,"M0,D2,M16,D8,M69,D45,M779,D200"
20241115_165651_129000_C20500,RangoHistorico_V1.6,2024-11-15 16:56:51.129,20500,Corto,20611.25,111.25,"M0,D2,M3,D6,M4,D9,M76,D28,M98,D53,M379,D200"
20241115_202127_234000_L20500,RangoHistorico_V1.6,2024-11-15 20:21:27.234,20500,Largo,20405.25,94.75,"M0,D3,M6,D191,M897,D200"
20241118_002644_872000_L20600,RangoHistorico_V1.6,2024-11-18 00:26:44.872,20600,Largo,20452.25,147.75,"M0,D3,M20,D45,M228,D200"
20241118_132108_591000_C20500,RangoHistorico_V1.6,2024-11-18 13:21:08.591,20500,Corto,20657.0,157.0,"M0,D1,M9,D2,M74,D200"
20241118_151500_423000_L20600,RangoHistorico_V1.6,2024-11-18 15:15:00.423,20600,Largo,20481.5,118.5,"M0,D9,M5,D10,M497,D200"
20241118_160812_392000_L20700,RangoHistorico_V1.6,2024-11-18 16:08:12.392,20700,Largo,20597.5,102.5,"M0,D2,M3,D54,M97,D200"
20241118_184715_580000_C20600,RangoHistorico_V1.6,2024-11-18 18:47:15.580,20600,Corto,20724.25,124.25,"M0,D1,M1,D6,M17,D200"
20241119_083823_132000_C20600,RangoHistorico_V1.6,2024-11-19 08:38:23.132,20600,Corto,20697.0,97.0,"M0,D1,M3,D7,M150,D193,M870,D200"
20241119_093217_753000_C20500,RangoHistorico_V1.6,2024-11-19 09:32:17.753,20500,Corto,20648.25,148.25,"M0,D1,M6,D30,M29,D200"
20241119_120417_441000_L20600,RangoHistorico_V1.6,2024-11-19 12:04:17.441,20600,Largo,20492.75,107.25,"M0,D1,M2,D4,M4,D25,M94,D200"
20241119_134247_767000_C20500,RangoHistorico_V1.6,2024-11-19 13:42:47.767,20500,Corto,20623.5,123.5,"D0,M2,D48,M12,D81,M470,D200"
20241119_140121_433000_C20400,RangoHistorico_V1.6,2024-11-19 14:01:21.433,20400,Corto,20520.25,120.25,"M0,D1,M70,D200"
20241119_141415_935000_L20500,RangoHistorico_V1.6,2024-11-19 14:14:15.935,20500,Largo,20382.5,117.5,"M0,D1,M4,D7,M18,D50,M1373,D92,M6610"
20241119_152936_287000_L20600,RangoHistorico_V1.6,2024-11-19 15:29:36.287,20600,Largo,20487.5,112.5,"M0,D2,M20,D20,M44,D70,M973,D200"
20241119_163737_436000_L20700,RangoHistorico_V1.6,2024-11-19 16:37:37.436,20700,Largo,20582.5,117.5,"M0,D1,M3,D200"
20241120_001057_790000_L20800,RangoHistorico_V1.6,2024-11-20 00:10:57.790,20800,Largo,20643.25,156.75,"M0,D1,M4,D2,M137,D108,M173,D200"
20241120_143601_906000_C20700,RangoHistorico_V1.6,2024-11-20 14:36:01.906,20700,Corto,20843.25,143.25,"M0,D1,M6,D69,M892,D200"
20241120_150515_350000_C20600,RangoHistorico_V1.6,2024-11-20 15:05:15.350,20600,Corto,20717.25,117.25,"M0,D2,M492,D200"
20241120_152017_762000_C20500,RangoHistorico_V1.6,2024-11-20 15:20:17.762,20500,Corto,20600.0,100.0,"M0,D3,M92,D200"
20241120_154547_334000_L20600,RangoHistorico_V1.6,2024-11-20 15:45:47.334,20600,Largo,20477.0,123.0,"M0,D2,M4,D6,M20,D26,M178,D200"
20241120_165605_147000_L20700,RangoHistorico_V1.6,2024-11-20 16:56:05.147,20700,Largo,20548.0,152.0,"M0,D1,M4,D3,M36,D200"
20241120_172037_350000_C20600,RangoHistorico_V1.6,2024-11-20 17:20:37.350,20600,Corto,20709.0,109.0,"M0,D2,M3,D3,M8,D8,M80,D200"
20241120_203300_236000_L20700,RangoHistorico_V1.6,2024-11-20 20:33:00.236,20700,Largo,20556.5,143.5,"M0,D1,M1,D31,M345,D200"
20241120_212020_019000_C20700,RangoHistorico_V1.6,2024-11-20 21:20:20.019,20700,Corto,20786.25,86.25,"M0,D13,M30,D21,M414,D200"
20241120_212041_880000_C20600,RangoHistorico_V1.6,2024-11-20 21:20:41.880,20600,Corto,20705.25,105.25,"D0,M14,D204"
20241120_212250_786000_L20700,RangoHistorico_V1.6,2024-11-20 21:22:50.786,20700,Largo,20596.5,103.5,"M0,D18,M9,D66,M193,D200"
20241121_052311_519000_L20700,RangoHistorico_V1.6,2024-11-21 05:23:11.519,20700,Largo,20620.25,79.75,"D0,M17,D157,M100,D200"
20241121_080304_937000_L20700,RangoHistorico_V1.6,2024-11-21 08:03:04.937,20700,Largo,20606.0,94.0,"D0,M10,D200"
20241121_092812_858000_C20600,RangoHistorico_V1.6,2024-11-21 09:28:12.858,20600,Corto,20702.5,102.5,"M0,D1,M19,D200"
20241121_110316_445000_L20700,RangoHistorico_V1.6,2024-11-21 11:03:16.445,20700,Largo,20595.25,104.75,"M0,D6,M33,D51,M823,D200"
20241121_121532_081000_L20800,RangoHistorico_V1.6,2024-11-21 12:15:32.081,20800,Largo,20687.25,112.75,"D0,M3,D1,M9,D16,M18,D43,M30,D116,M35,D193,M423,D200"
20241121_143156_141000_L20900,RangoHistorico_V1.6,2024-11-21 14:31:56.141,20900,Largo,20751.75,148.25,"M0,D1,M3,D2,M5,D8,M23,D200"
20241121_143431_202000_C20800,RangoHistorico_V1.6,2024-11-21 14:34:31.202,20800,Corto,20905.75,105.75,"D0,M4,D3,M1143,D200"
20241121_143733_414000_C20700,RangoHistorico_V1.6,2024-11-21 14:37:33.414,20700,Corto,20800.75,100.75,"M0,D2,M40,D54,M287,D200"
20241121_144106_300000_L20700,RangoHistorico_V1.6,2024-11-21 14:41:06.300,20700,Largo,20628.25,71.75,"M0,D2,M7,D7,M11,D11,M20,D200"
20241121_145444_149000_C20700,RangoHistorico_V1.6,2024-11-21 14:54:44.149,20700,Corto,20786.0,86.0,"D0,M5,D25,M20,D126,M743,D200"
20241121_150625_547000_C20600,RangoHistorico_V1.6,2024-11-21 15:06:25.547,20600,Corto,20731.5,131.5,"M0,D4,M56,D60,M95,D200"
20241121_151535_294000_L20700,RangoHistorico_V1.6,2024-11-21 15:15:35.294,20700,Largo,20576.25,123.75,"D0,M2,D1,M3,D3,M19,D18,M64,D200"
20241121_152413_853000_C20600,RangoHistorico_V1.6,2024-11-21 15:24:13.853,20600,Corto,20716.0,116.0,"M0,D9,M9,D19,M16,D50,M40,D92,M343,D200"
20241121_154550_398000_L20600,RangoHistorico_V1.6,2024-11-21 15:45:50.398,20600,Largo,20514.25,85.75,"M0,D3,M22,D13,M38,D56,M6210"
20241121_155700_189000_L20700,RangoHistorico_V1.6,2024-11-21 15:57:00.189,20700,Largo,20586.0,114.0,"M0,D5,M11,D30,M18,D45,M191,D48,M1524,D100,M5810"
20241121_164851_415000_C20700,RangoHistorico_V1.6,2024-11-21 16:48:51.415,20700,Corto,20791.25,91.25,"M0,D1,M12,D7,M16,D200"
20241121_172909_645000_L20800,RangoHistorico_V1.6,2024-11-21 17:29:09.645,20800,Largo,20696.0,104.0,"M0,D1,M3,D13,M45,D51,M315,D200"
20241121_210738_148000_C20800,RangoHistorico_V1.6,2024-11-21 21:07:38.148,20800,Corto,20878.75,78.75,"D0,M3,D1,M5,D61,M166,D178,M427,D200"
20241122_093206_089000_C20700,RangoHistorico_V1.6,2024-11-22 09:32:06.089,20700,Corto,20844.5,144.5,"M0,D1,M1,D3,M5,D4,M23,D25,M25,D200"
20241122_125415_566000_L20800,RangoHistorico_V1.6,2024-11-22 12:54:15.566,20800,Largo,20693.25,106.75,"M0,D11,M10,D44,M46,D78,M63,D118,M292,D200"
20241122_145106_844000_C20800,RangoHistorico_V1.6,2024-11-22 14:51:06.844,20800,Corto,20873.0,73.0,"D0,M30,D96,M35,D200"
20241122_153908_376000_L20800,RangoHistorico_V1.6,2024-11-22 15:39:08.376,20800,Largo,20722.25,77.75,"M0,D3,M1,D5,M208,D200"
20241122_191603_953000_C20800,RangoHistorico_V1.6,2024-11-22 19:16:03.953,20800,Corto,20880.0,80.0,"M0,D4,M1,D12,M18,D200"
20241124_230000_117000_L20900,RangoHistorico_V1.6,2024-11-24 23:00:00.117,20900,Largo,20795.5,104.5,"D0,M724,D200"
20241125_134742_755000_L21000,RangoHistorico_V1.6,2024-11-25 13:47:42.755,21000,Largo,20928.5,71.5,"M0,D1,M10,D3,M13,D5,M108,D45,M182,D175,M324,D200"
20241125_145139_868000_C21000,RangoHistorico_V1.6,2024-11-25 14:51:39.868,21000,Corto,21081.0,81.0,"M0,D5,M24,D11,M980,D99,M1300,D200"
20241125_150143_984000_C20900,RangoHistorico_V1.6,2024-11-25 15:01:43.984,20900,Corto,21002.75,102.75,"M0,D2,M2,D200"
20241125_174436_584000_C20800,RangoHistorico_V1.6,2024-11-25 17:44:36.584,20800,Corto,20961.5,161.5,"M0,D1,M1,D2,M30,D44,M79,D200"
20241125_211153_321000_L20900,RangoHistorico_V1.6,2024-11-25 21:11:53.321,20900,Largo,20780.25,119.75,"D0,M20,D33,M134,D200"
20241126_000524_158000_C20800,RangoHistorico_V1.6,2024-11-26 00:05:24.158,20800,Corto,20933.5,133.5,"M0,D2,M26,D60,M59,D102,M180,D200"
20241126_033023_357000_L20900,RangoHistorico_V1.6,2024-11-26 03:30:23.357,20900,Largo,20755.0,145.0,"M0,D1,M1,D10,M3,D38,M31,D55,M55,D119,M97,D192,M499,D200"
20241126_143801_472000_L21000,RangoHistorico_V1.6,2024-11-26 14:38:01.472,21000,Largo,20852.0,148.0,"M0,D2,M9,D161,M99,D200"
20241126_205421_353000_L21000,RangoHistorico_V1.6,2024-11-26 20:54:21.353,21000,Largo,20903.75,96.25,"M0,D1,M3,D13,M11,D64,M35,D129,M76,D200"
20241127_143031_715000_C20900,RangoHistorico_V1.6,2024-11-27 14:30:31.715,20900,Corto,21019.0,119.0,"M0,D1,M3,D25,M900,D200"
20241127_151523_555000_C20800,RangoHistorico_V1.6,2024-11-27 15:15:23.555,20800,Corto,20906.25,106.25,"M0,D2,M2,D11,M7,D18,M15,D19,M43,D75,M500,D200"
20241127_161143_971000_C20700,RangoHistorico_V1.6,2024-11-27 16:11:43.971,20700,Corto,20818.75,118.75,"M0,D1,M4,D3,M16,D200"
20241127_184010_377000_L20800,RangoHistorico_V1.6,2024-11-27 18:40:10.377,20800,Largo,20675.0,125.0,"M0,D1,M3,D26,M8,D49,M119,D123,M5410"
20241128_152203_008000_L20900,RangoHistorico_V1.6,2024-11-28 15:22:03.008,20900,Largo,20769.25,130.75,"M0,D2,M3,D6,M8,D53,M38,D200"
20241129_025918_026000_L20900,RangoHistorico_V1.6,2024-11-29 02:59:18.026,20900,Largo,20822.75,77.25,"D0,M6,D4,M151,D200"
20241129_145512_825000_L20900,RangoHistorico_V1.6,2024-11-29 14:55:12.825,20900,Largo,20805.5,94.5,"D0,M4,D25,M5010"
20241129_165025_729000_L21000,RangoHistorico_V1.6,2024-11-29 16:50:25.729,21000,Largo,20893.75,106.25,"M0,D1,M11,D19,M26,D82,M70,D200"
20241202_143206_817000_L21100,RangoHistorico_V1.6,2024-12-02 14:32:06.817,21100,Largo,20940.0,160.0,"M0,D4,M7,D15,M39,D42,M4210"
20241202_153618_555000_L21200,RangoHistorico_V1.6,2024-12-02 15:36:18.555,21200,Largo,21089.5,110.5,"M0,D2,M18,D200"
20241203_210618_542000_L21300,RangoHistorico_V1.6,2024-12-03 21:06:18.542,21300,Largo,21134.25,165.75,"M0,D1,M13,D3,M20,D16,M26,D20,M3410"
20241204_091635_843000_L21400,RangoHistorico_V1.6,2024-12-04 09:16:35.843,21400,Largo,21295.0,105.0,"M0,D2,M11,D68,M1225,D189,M3010"
20241204_191928_111000_L21500,RangoHistorico_V1.6,2024-12-04 19:19:28.111,21500,Largo,21383.0,117.0,"M0,D1,M7,D23,M23,D24,M194,D44,M206,D49,M269,D200"
20241206_133007_077000_L21500,RangoHistorico_V1.6,2024-12-06 13:30:07.077,21500,Largo,21424.75,75.25,"D0,M5,D16,M22,D116,M825,D200"
20241206_145116_677000_L21600,RangoHistorico_V1.6,2024-12-06 14:51:16.677,21600,Largo,21471.0,129.0,"M0,D2,M39,D5,M56,D35,M181,D108,M425,D200"
20241209_074739_476000_L21700,RangoHistorico_V1.6,2024-12-09 07:47:39.476,21700,Largo,21573.0,127.0,"M0,D2,M6,D13,M14,D34,M25,D200"
20241209_113425_927000_C21600,RangoHistorico_V1.6,2024-12-09 11:34:25.927,21600,Corto,21706.25,106.25,"M0,D1,M17,D36,M22,D47,M56,D133,M69,D195,M989,D200"
20241209_160213_763000_C21500,RangoHistorico_V1.6,2024-12-09 16:02:13.763,21500,Corto,21648.75,148.75,"M0,D2,M20,D24,M256,D200"
20241210_150905_673000_L21600,RangoHistorico_V1.6,2024-12-10 15:09:05.673,21600,Largo,21436.0,164.0,"M0,D3,M1,D9,M12,D91,M27,D200"
20241210_155826_928000_C21500,RangoHistorico_V1.6,2024-12-10 15:58:26.928,21500,Corto,21606.75,106.75,"M0,D6,M6,D9,M13,D32,M49,D64,M589,D200"
20241210_195229_176000_C21400,RangoHistorico_V1.6,2024-12-10 19:52:29.176,21400,Corto,21516.0,116.0,"M0,D72,M189,D200"
20241211_133256_909000_L21500,RangoHistorico_V1.6,2024-12-11 13:32:56.909,21500,Largo,21352.75,147.25,"M0,D21,M2610"
20241211_143334_255000_L21600,RangoHistorico_V1.6,2024-12-11 14:33:34.255,21600,Largo,21494.75,105.25,"M0,D2,M1,D8,M95,D22,M2210"
20241211_150527_760000_L21700,RangoHistorico_V1.6,2024-12-11 15:05:27.760,21700,Largo,21594.5,105.5,"M0,D5,M31,D16,M145,D109,M480,D200"
20241211_182921_632000_L21800,RangoHistorico_V1.6,2024-12-11 18:29:21.632,21800,Largo,21672.75,127.25,"M0,D5,M24,D12,M47,D81,M80,D200"
20241212_125422_910000_C21700,RangoHistorico_V1.6,2024-12-12 12:54:22.910,21700,Corto,21820.0,120.0,"M0,D3,M28,D14,M53,D139,M301,D180,M383,D200"
20241212_152350_568000_L21700,RangoHistorico_V1.6,2024-12-12 15:23:50.568,21700,Largo,21624.75,75.25,"M0,D1,M5,D16,M7,D34,M77,D44,M159,D123,M180,D200"
20241212_230000_045000_L21700,RangoHistorico_V1.6,2024-12-12 23:00:00.045,21700,Largo,21604.25,95.75,"D0,M276,D8,M832,D134,M1810"
20241213_112008_609000_L21800,RangoHistorico_V1.6,2024-12-13 11:20:08.609,21800,Largo,21698.0,102.0,"D0,M3,D1,M17,D31,M18,D75,M175,D98,M432,D200"
20241213_144515_939000_L21900,RangoHistorico_V1.6,2024-12-13 14:45:15.939,21900,Largo,21775.5,124.5,"M0,D32,M14,D65,M32,D200"
20241213_152937_036000_C21800,RangoHistorico_V1.6,2024-12-13 15:29:37.036,21800,Corto,21908.0,108.0,"M0,D3,M1,D10,M5,D117,M534,D200"
20241213_155833_741000_C21700,RangoHistorico_V1.6,2024-12-13 15:58:33.741,21700,Corto,21829.25,129.25,"M0,D22,M10,D27,M134,D200"
20241213_192539_002000_L21800,RangoHistorico_V1.6,2024-12-13 19:25:39.002,21800,Largo,21666.5,133.5,"D0,M4,D20,M63,D102,M96,D193,M1410"
20241216_132142_387000_L21900,RangoHistorico_V1.6,2024-12-16 13:21:42.387,21900,Largo,21751.75,148.25,"M0,D19,M54,D77,M1010"
20241216_153044_490000_L22000,RangoHistorico_V1.6,2024-12-16 15:30:44.490,22000,Largo,21880.75,119.25,"M0,D1,M6,D69,M610,D200"
20241216_180538_982000_L22100,RangoHistorico_V1.6,2024-12-16 18:05:38.982,22100,Largo,21982.75,117.25,"M0,D1,M1,D10,M12,D30,M210,D200"
20241217_103428_882000_L22100,RangoHistorico_V1.6,2024-12-17 10:34:28.882,22100,Largo,22028.75,71.25,"M0,D1,M7,D14,M25,D30,M39,D45,M85,D200"
20241217_143131_431000_C22000,RangoHistorico_V1.6,2024-12-17 14:31:31.431,22000,Corto,22121.25,121.25,"M0,D2,M10,D35,M23,D103,M91,D200"
20241217_170139_509000_C22000,RangoHistorico_V1.6,2024-12-17 17:01:39.509,22000,Corto,22080.5,80.5,"M0,D10,M14,D60,M22,D200"
